{
  "formatVersion": 1,
  "database": {
    "version": 2,
    "identityHash": "5530a9a0bdcb3fb0f3277aa49608f173",
    "entities": [
      {
        "tableName": "expenses",
        "createSql": "CREATE TABLE IF NOT EXISTS `${TABLE_NAME}` (`id` INTEGER PRIMARY KEY AUTOINCREMENT NOT NULL, `amount` REAL NOT NULL, `currency` TEXT NOT NULL, `title` TEXT NOT NULL, `date` INTEGER NOT NULL, `notes` TEXT NOT NULL, `created_at` INTEGER NOT NULL, `modified_at` INTEGER NOT NULL)",
        "fields": [
          {
            "fieldPath": "id",
            "columnName": "id",
            "affinity": "INTEGER",
            "notNull": true
          },
          {
            "fieldPath": "amount",
            "columnName": "amount",
            "affinity": "REAL",
            "notNull": true
          },
          {
            "fieldPath": "currency",
            "columnName": "currency",
            "affinity": "TEXT",
            "notNull": true
          },
          {
            "fieldPath": "title",
            "columnName": "title",
            "affinity": "TEXT",
            "notNull": true
          },
          {
            "fieldPath": "date",
            "columnName": "date",
            "affinity": "INTEGER",
            "notNull": true
          },
          {
            "fieldPath": "notes",
            "columnName": "notes",
            "affinity": "TEXT",
            "notNull": true
          },
          {
            "fieldPath": "createdAt",
            "columnName": "created_at",
            "affinity": "INTEGER",
            "notNull": true
          },
          {
            "fieldPath": "modifiedAt",
            "columnName": "modified_at",
            "affinity": "INTEGER",
            "notNull": true
          }
        ],
        "primaryKey": {
          "columnNames": [
            "id"
          ],
          "autoGenerate": true
        },
        "indices": [],
        "foreignKeys": []
      },
      {
        "tableName": "expense_tag_joins",
        "createSql": "CREATE TABLE IF NOT EXISTS `${TABLE_NAME}` (`expense_id` INTEGER NOT NULL, `tag_id` INTEGER NOT NULL, PRIMARY KEY(`expense_id`, `tag_id`), FOREIGN KEY(`expense_id`) REFERENCES `expenses`(`id`) ON UPDATE NO ACTION ON DELETE CASCADE , FOREIGN KEY(`tag_id`) REFERENCES `tags`(`id`) ON UPDATE NO ACTION ON DELETE CASCADE )",
        "fields": [
          {
            "fieldPath": "expenseId",
            "columnName": "expense_id",
            "affinity": "INTEGER",
            "notNull": true
          },
          {
            "fieldPath": "tagId",
            "columnName": "tag_id",
            "affinity": "INTEGER",
            "notNull": true
          }
        ],
        "primaryKey": {
          "columnNames": [
            "expense_id",
            "tag_id"
          ],
          "autoGenerate": false
        },
        "indices": [
          {
            "name": "index_expense_tag_joins_expense_id",
            "unique": false,
            "columnNames": [
              "expense_id"
            ],
            "createSql": "CREATE  INDEX `index_expense_tag_joins_expense_id` ON `${TABLE_NAME}` (`expense_id`)"
          },
          {
            "name": "index_expense_tag_joins_tag_id",
            "unique": false,
            "columnNames": [
              "tag_id"
            ],
            "createSql": "CREATE  INDEX `index_expense_tag_joins_tag_id` ON `${TABLE_NAME}` (`tag_id`)"
          }
        ],
        "foreignKeys": [
          {
            "table": "expenses",
            "onDelete": "CASCADE",
            "onUpdate": "NO ACTION",
            "columns": [
              "expense_id"
            ],
            "referencedColumns": [
              "id"
            ]
          },
          {
            "table": "tags",
            "onDelete": "CASCADE",
            "onUpdate": "NO ACTION",
            "columns": [
              "tag_id"
            ],
            "referencedColumns": [
              "id"
            ]
          }
        ]
      },
      {
        "tableName": "tags",
        "createSql": "CREATE TABLE IF NOT EXISTS `${TABLE_NAME}` (`id` INTEGER PRIMARY KEY AUTOINCREMENT NOT NULL, `name` TEXT NOT NULL)",
        "fields": [
          {
            "fieldPath": "id",
            "columnName": "id",
            "affinity": "INTEGER",
            "notNull": true
          },
          {
            "fieldPath": "name",
            "columnName": "name",
            "affinity": "TEXT",
            "notNull": true
          }
        ],
        "primaryKey": {
          "columnNames": [
            "id"
          ],
          "autoGenerate": true
        },
        "indices": [],
        "foreignKeys": []
      }
    ],
    "views": [],
    "setupQueries": [
      "CREATE TABLE IF NOT EXISTS room_master_table (id INTEGER PRIMARY KEY,identity_hash TEXT)",
      "INSERT OR REPLACE INTO room_master_table (id,identity_hash) VALUES(42, '5530a9a0bdcb3fb0f3277aa49608f173')"
    ]
  }
}